Time,Time Code,Indicator Name,Indicator Code,Albania [ALB],Algeria [DZA],Angola [AGO],Argentina [ARG],Armenia [ARM],Australia [AUS],Austria [AUT],Azerbaijan [AZE],Bahrain [BHR],Bangladesh [BGD],Belgium [BEL],Benin [BEN],Bolivia [BOL],Bosnia and Herzegovina [BIH],Botswana [BWA],Brazil [BRA],Bulgaria [BGR],Burkina Faso [BFA],Cambodia [KHM],Cameroon [CMR],Canada [CAN],Chile [CHL],China [CHN],Colombia [COL],Costa Rica [CRI],Cote d'Ivoire [CIV],Croatia [HRV],Cyprus [CYP],Czech Republic [CZE],Denmark [DNK],Dominican Republic [DOM],Ecuador [ECU],"Egypt, Arab Rep. [EGY]",El Salvador [SLV],Estonia [EST],Ethiopia [ETH],Finland [FIN],France [FRA],Gabon [GAB],Georgia [GEO],Germany [DEU],Ghana [GHA],Greece [GRC],Guatemala [GTM],Honduras [HND],"Hong Kong SAR, China [HKG]",Hungary [HUN],Iceland [ISL],India [IND],Indonesia [IDN],"Iran, Islamic Rep. [IRN]",Iraq [IRQ],Ireland [IRL],Israel [ISR],Italy [ITA],Jamaica [JAM],Japan [JPN],Jordan [JOR],Kazakhstan [KAZ],Kenya [KEN],"Korea, Rep. [KOR]",Kuwait [KWT],Kyrgyz Republic [KGZ],Latvia [LVA],Lebanon [LBN],Libya [LBY],Lithuania [LTU],Luxembourg [LUX],Malaysia [MYS],Mali [MLI],Malta [MLT],Mauritius [MUS],Mexico [MEX],Moldova [MDA],Mongolia [MNG],Montenegro [MNE],Morocco [MAR],Mozambique [MOZ],Myanmar [MMR],Namibia [NAM],Nepal [NPL],Netherlands [NLD],New Zealand [NZL],Nicaragua [NIC],Nigeria [NGA],Norway [NOR],Oman [OMN],Pakistan [PAK],Panama [PAN],Paraguay [PRY],Peru [PER],Philippines [PHL],Poland [POL],Portugal [PRT],Qatar [QAT],Romania [ROU],Russian Federation [RUS],Saudi Arabia [SAU],Senegal [SEN],Serbia [SRB],Seychelles [SYC],Singapore [SGP],Slovak Republic [SVK],Slovenia [SVN],South Africa [ZAF],Spain [ESP],Sri Lanka [LKA],Sudan [SDN],Suriname [SUR],Sweden [SWE],Switzerland [CHE],Tanzania [TZA],Thailand [THA],Trinidad and Tobago [TTO],Tunisia [TUN],Turkey [TUR],Turkmenistan [TKM],Uganda [UGA],Ukraine [UKR],United Arab Emirates [ARE],United Kingdom [GBR],United States [USA],Uruguay [URY],Uzbekistan [UZB],"Venezuela, RB [VEN]",Vietnam [VNM],"Yemen, Rep. [YEM]",Zambia [ZMB],Zimbabwe [ZWE]
2013,YR2013,"Air transport, freight (million ton-km)",IS.AIR.GOOD.MT.K1,0,18,70,269,1,1985,326,18,266,225,1561,1,8,0,0,1637,2,0,1,0,1946,1512,16054,1222,14,5,1,12,20,..,0,112,387,16,0,791,661,4327,0,0,7336,1,1,0,2,9396,0,99,1734,768,84,11,118,802,893,0,7716,172,58,258,11113,246,1,4,70,4,5,5225,2162,1,4,172,677,1,9,0,43,6,3,1,6,5754,935,..,12,..,251,293,148,0,335,326,98,319,4961,5,4249,1694,4,1,26,6360,0,1,1123,958,385,12,30,..,1444,0,2640,45,15,2296,0,1,14,14082,6032,37114,..,99,5,497,0,93,33
2013,YR2013,"Air transport, passengers carried",IS.AIR.PSGR,865848,4492437,1321872,11951277,45000,68197955,15037454,1651710,4626648,2781708,9521421,137640,2027888,15000,270996,95591641,1013220,138996,615123,287208,71526726,13806283,352795296,26929238,1498996,234996,1716702,1211208,5186676,..,20004,5157521,10593780,2509003,627588,5671501,10467321,63925151,0,189316,109062322,396372,8761116,78264,372972,34644497,13926540,2602714,75589071,81721356,16580818,476484,93408036,5565864,27846220,46272,107573000,3294911,4785588,4516500,54530105,3244805,771165,2754720,2241480,2744844,1009728,1555788,47995842,33444,1603404,1318052,35986502,557653,585864,528852,6507408,701472,1572120,510000,643140,33455251,14434056,..,4209624,..,4994729,7833901,11656416,711548,12255938,25540880,5002976,11860998,18737348,3087143,64072322,28252104,219996,1241352,344436,31729241,64008,857000,16311250,48056736,4793393,541644,255204,..,27503416,1173943,43029151,2865852,4648608,74413805,1800847,198804,5218815,68151865,118605866,743171000,..,2614085,6866781,20429310,1664220,10032,351564
2013,YR2013,CO2 emission from transport (of which road) relative to GDP (PPP) (kg per dollar),CO.EM.TRNS.ROAD.PPP,0.08,0.071,..,..,0.058,0.078,0.059,0.043,0.057,0.014,0.052,0.187,0.106,0.076,0.07,0.06,0.058,..,0.065,0.048,0.094,0.058,0.038,0.043,0.073,0.036,0.063,0.069,0.052,0.043,0.038,0.103,0.048,0.059,0.062,0.03,0.053,0.047,0.02,0.08,0.043,0.067,0.054,0.054,0.091,0.018,0.043,0.06,0.031,0.049,0.1,0.069,0.048,0.053,0.047,0.057,0.042,0.096,0.033,0.047,0.053,0.048,0.219,0.058,0.069,0.178,0.055,0.133,0.082,..,0.041,0.042,0.073,0.087,0.042,0.056,0.063,0.069,..,0.084,0.036,0.04,0.084,0.063,0.025,0.032,0.081,0.044,0.051,0.086,0.051,0.036,0.048,0.055,0.042,0.038,0.043,0.083,0.071,0.054,..,0.016,0.042,0.094,0.078,0.051,0.036,0.055,..,0.046,0.038,0.048,0.06,0.071,0.048,0.037,0.055,..,0.067,0.055,0.045,0.089,0.052,0.026,0.083,0.067,0.089,0.016,0.104
2013,YR2013,CO2 emission from transport relative to GDP (PPP) (kg per dollar),CO.EM.TRNS.GDP.PPP,0.087,0.074,..,..,0.058,0.092,0.061,0.047,0.058,0.018,0.054,0.187,0.111,0.076,0.07,0.067,0.063,..,0.079,0.051,0.117,0.064,0.047,0.045,0.073,0.041,0.067,0.069,0.054,0.047,0.046,0.108,0.051,0.059,0.065,0.032,0.056,0.049,0.02,0.08,0.044,0.072,0.061,0.055,0.091,0.018,0.044,0.06,0.034,0.056,0.101,0.069,0.049,0.053,0.049,0.079,0.047,0.096,0.036,0.047,0.055,0.048,0.219,0.065,0.069,0.178,0.059,0.133,0.082,..,0.041,0.046,0.075,0.093,0.062,0.056,0.063,0.077,..,0.089,0.036,0.042,0.092,0.063,0.025,0.043,0.081,0.047,0.051,0.086,0.055,0.041,0.049,0.058,0.042,0.04,0.07,0.084,0.074,0.061,..,0.018,0.046,0.096,0.084,0.056,0.037,0.056,..,0.047,0.038,0.048,0.062,0.078,0.052,0.04,0.12,..,0.083,0.056,0.048,0.105,0.053,0.046,0.083,0.068,0.089,0.018,0.112
2013,YR2013,Deaths by road user category - 2 or 3 wheeler [%],ROAD.DTH.2.WEEL,13.2,..,1.9,0,0,17.9,21.5,..,3.5,..,15.9,..,9.9,9.1,0,..,8.7,..,70.4,..,..,7,26.8,44.3,28.3,22,17.1,34.1,11,13.6,63.2,..,0.6,11,6.2,..,11.2,24.2,..,3.1,19.2,..,..,25.1,8.1,..,13.9,6.7,33.9,..,..,..,13.8,14.1,25.5,20.8,17.4,0,..,4.9,16.3,..,0,7.4,0,1.5,7.4,17.8,62.1,20.4,27.8,30.9,..,11.9,19.3,9.5,21.2,..,..,..,..,13.5,15.4,26,..,12.8,2.3,..,0,54.1,..,52.5,9.4,20.4,..,4.7,4.3,..,..,8.6,0,45.6,8.4,16.8,..,21.1,40.8,0,42.1,16.5,20.4,21.7,..,2.6,20.5,4.3,0,30.6,..,2.6,19.3,..,52.9,..,..,..,..,2.2,6.2
2013,YR2013,Deaths by road user category - 4 wheeler [%],ROAD.DTH.4.WEEL,50.8,..,0,88,54.7,64.2,42.4,..,59.3,..,51.9,..,56.1,52.6,67.6,..,62.9,..,8.5,..,..,36.1,19.2,7.6,27.8,22,54.3,38.6,47.1,50.3,12.9,..,48.6,11.6,50.6,..,62.4,49.3,..,44.7,47.6,..,..,0,30.8,..,43,80,17.2,..,..,..,65.4,41.2,45.4,31.9,32.4,64.3,..,34.3,33.2,..,67.3,42,0,70.8,43,66.7,23.7,18.7,44.4,22.8,..,41.1,47,44.6,35.9,..,..,..,..,36.5,65.7,23.2,..,61,64.3,..,58.3,23.4,..,25.3,43.1,44.3,..,44,57.3,..,..,46.2,25,17.5,45.8,45.6,..,46.7,5.7,0,35.5,57.3,38.3,35,..,64.2,48.6,25,74.7,7.2,..,57.3,46.3,..,25.9,..,..,..,..,48.4,20.5
2013,YR2013,Deaths by road user category - cyclist [%],ROAD.DTH.CYCLIST,4.1,..,0,2,0.3,4.2,11.2,..,5.8,..,10.1,..,0.9,11,0,..,5.2,..,2.3,..,..,7.6,8.1,5,9.3,2,6.3,4.5,11.3,17.3,0.5,..,6.3,4.6,11.1,..,7.8,4.5,..,0.6,10.6,..,..,0,4.9,..,11.5,0,3.5,..,..,..,2.7,4.7,7.4,8.5,13.7,0,..,14.4,5.5,..,1.1,7.4,0,1.3,7,0,2.2,0,0,9.6,..,6,0.2,1.4,5.9,..,..,..,..,32.3,3.1,5.5,..,5.3,2.6,..,0,0.7,..,2,9.1,4.6,..,8.5,1.7,..,..,9.1,0,9.4,6.8,12.8,..,4.1,11,0,3.9,5.4,6.3,11.2,..,2,2.5,0.9,1.9,7.6,..,0.3,6.4,..,2.8,..,..,..,..,11.6,3.6
2013,YR2013,Deaths by road user category - others [%],ROAD.DTH.OTHER,0.7,..,62.7,0,9.2,0.6,5.9,..,0,..,8.4,..,0.6,0,5.1,..,5.2,..,6.1,..,..,10.4,19.8,13.8,2.5,19,3.5,4.5,5.8,1,3.6,..,15.3,13.9,3.7,..,5.4,7.8,..,27.2,6,..,..,24,10.3,..,6.8,6.7,36.2,..,..,..,1.6,7.2,5.5,9.8,0.3,0,..,0,6.1,..,0.1,3.4,56.7,0,4.7,4.4,5.5,33.5,0,2.2,..,8.3,2.9,24.3,10.9,..,..,..,..,7.9,3.9,12.5,..,11.2,7.6,..,0.8,1.1,..,1.1,4.4,8.2,..,3.8,7.8,..,..,9.2,0,0.6,8.8,8.8,..,5.6,12.7,66.6,0,4.6,9.3,0.9,..,0,0,43.6,0,14.5,..,13.7,5.2,..,2.6,..,..,..,..,0,53.3
2013,YR2013,Deaths by road user category - pedestrian [%],ROAD.DTH.PEDESTRN,31.2,..,35.4,10.1,35.8,13.2,18,..,31.4,..,13.7,..,32.5,27.3,27.3,..,18.1,..,12.7,..,..,38.9,26.1,29.3,32.1,35,18.8,18.2,24.8,17.8,19.7,..,29.2,58.9,28.4,..,13.2,14.2,..,24.3,16.7,..,..,50.9,46.7,..,24.9,6.7,9.1,..,..,..,16.5,32.9,16.2,29,36.2,35.7,..,46.4,38.9,..,31.6,39.8,43.3,26.4,37.5,11.1,6.6,27.4,27.8,34.6,..,32.8,30.6,20.3,26.2,..,..,..,..,9.8,11.8,32.8,..,9.6,23.2,..,40.9,20.7,..,19,34,22.6,..,39,28.9,..,..,26.9,75,26.9,30.3,16,..,22.5,29.8,33.4,18.4,16.2,25.7,31.2,..,31.1,28.2,26.2,23.4,40.2,..,26.1,22.9,..,15.7,..,..,..,..,36.4,16.5
2013,YR2013,"Mortality caused by road traffic injury (per 100,000 people)",EST.ROAD.TRAF.DTH.100G,15,24,27,14,18,5,5,10,8,14,7,28,23,18,24,23.4,8,30,17,28,6,12,18.8,17,14,24,9,5,6,4,29,20,13,21,7,25,5,5,23,12,4,26,9,19,17,..,8,5,16.6,15,32,20,4,4,6,12,5,26,24,29,12,19,22,10,23,73,11,9,24,26,5,12,12,13,21,12,21,32,20,24,17,3,6,15,21,4,25,14,10,21,14,11,10,8,15,9,18.9,27,27,8,9,4,7,6,25.1,4,17,24,19,3,3,33,36,14,24,9,17,27,..,11,3,11,17,11,..,25,22,25,28
2013,YR2013,"PM2.5 air pollution, mean annual exposure (micrograms per cubic meter)",EN.ATM.PM25.MC.M3,15.642,31.108,33.709,13.621,24.799,6.03,15.916,26.323,66.453,88.33,15.904,41.492,27.791,41.429,18.602,11.442,26.712,49.394,27.493,73.784,7.316,21.16,56.867,18.352,18.565,28.791,18.636,16.297,19.79,10.35,24.07,15.99,95.048,36.625,8.188,36.607,6.901,12.291,36.731,19.25,13.66,27.533,12.024,32.917,36.959,..,20.925,7.591,68.968,15.558,44.784,66.389,9.614,18.965,16.64,17.053,12.414,35.532,18.267,16.732,26.106,87.227,15.884,18.277,28.792,64.27,18.508,16.324,16.072,53.198,13.566,14.485,20.741,20.767,22.178,21.802,19.963,19.97,51.105,21.885,70.568,14.857,5.455,29.274,46.364,8.688,57.404,64.325,12.33,16.18,29.42,23.943,24.693,9.416,115.603,19.1,16.008,125.709,36.048,19.868,15.294,18.925,19.022,17.219,29.114,9.76,28.148,54.753,20.039,5.579,12.092,23.716,25.07,13.453,35.873,33.052,28.346,62.352,18.524,70.851,12.29,8.528,11.516,37.031,24.726,27.823,59.292,27.607,23.551
2013,YR2013,Quality of air transport infrastructure [rank],QA.AIR.TRANS.IN.RANK,77,132,118,111,66,30,39,48,25,125,16,133,117,148,94,123,83,129,90,112,19,46,65,96,57,91,72,43,21,26,47,70,59,56,87,42,6,10,110,84,8,79,44,71,97,2,101,13,61,68,122,..,31,52,73,45,37,36,89,62,22,93,128,40,53,136,75,29,20,86,23,50,64,116,126,82,49,109,146,58,131,4,17,99,108,9,35,88,5,141,85,113,103,27,14,119,102,38,69,121,54,1,124,74,11,12,60,..,104,24,7,134,34,51,67,33,..,107,105,3,28,18,81,..,135,92,140,114,120
2013,YR2013,Quality of air transport infrastructure [value: 1 = worst to 7 = best],QA.AIR.TRANS.IN,4.31,3.01,3.38,3.56,4.53,5.56,5.4,5.1,5.64,3.22,5.97,3,3.46,1.99,4.01,3.28,4.19,3.08,4.09,3.55,5.86,5.21,4.54,3.99,4.81,4.07,4.37,5.28,5.76,5.64,5.16,4.46,4.79,4.81,4.14,5.35,6.22,6.06,3.57,4.17,6.08,4.27,5.26,4.45,3.99,6.74,3.94,6.03,4.76,4.51,3.3,..,5.55,4.96,4.35,5.25,5.43,5.49,4.09,4.68,5.75,4.03,3.09,5.39,4.88,2.93,4.32,5.59,5.77,4.15,5.75,5.01,4.67,3.47,3.2,4.24,5.04,3.57,2.22,4.8,3.01,6.46,5.96,3.95,3.57,6.08,5.52,4.13,6.27,2.66,4.16,3.54,3.91,5.62,6,3.36,3.92,5.42,4.48,3.3,4.85,6.75,3.23,4.33,6.05,6.04,4.78,..,3.87,5.73,6.18,2.99,5.53,4.97,4.53,5.53,..,3.58,3.84,6.68,5.61,5.95,4.25,..,2.99,4.04,2.7,3.54,3.32
2013,YR2013,Quality of port infrastructure [rank],QA.PORT.TRANS.IN.RANK,109,132,125,99,122,42,48,60,11,104,7,95,142,147,102,131,85,106,81,100,20,32,59,110,128,54,65,46,61,14,52,69,80,72,17,121,5,25,133,68,9,71,57,77,87,3,84,8,70,89,79,..,33,90,67,39,30,58,135,78,21,74,148,37,64,124,35,26,24,83,13,44,62,138,140,86,41,107,136,27,134,1,19,111,112,22,23,55,6,115,93,116,97,34,31,123,88,36,47,139,45,2,96,38,51,12,73,..,43,10,40,120,56,75,82,63,..,114,94,4,15,16,50,..,141,98,129,108,76
2013,YR2013,Quality of port infrastructure [value: 1 = worst to 7 = best],QA.PORT.TRANS.IN,3.47,2.7,2.94,3.67,3.05,4.97,4.72,4.48,5.79,3.54,6.28,3.7,2.46,1.76,3.57,2.71,3.92,3.52,4.04,3.65,5.54,5.2,4.48,3.47,2.87,4.54,4.3,4.84,4.42,5.68,4.64,4.23,4.05,4.17,5.6,3.1,6.38,5.41,2.69,4.24,5.85,4.18,4.49,4.08,3.9,6.59,3.92,6.02,4.19,3.88,4.06,..,5.19,3.84,4.28,5.06,5.24,4.49,2.67,4.08,5.53,4.13,1.27,5.1,4.31,2.99,5.13,5.4,5.42,3.97,5.77,4.92,4.36,2.58,2.56,3.9,5.02,3.51,2.61,5.35,2.69,6.79,5.54,3.46,3.44,5.52,5.52,4.52,6.38,3.41,3.71,3.35,3.68,5.18,5.21,3,3.88,5.12,4.75,2.58,4.87,6.75,3.69,5.09,4.7,5.78,4.15,..,4.93,5.82,5.04,3.16,4.5,4.11,3.98,4.34,..,3.41,3.71,6.43,5.68,5.67,4.7,..,2.53,3.68,2.85,3.49,4.09
2013,YR2013,Quality of railroad infrastructure [rank],QA.RAIL.TRANS.IN.RANK,118,83,107,106,69,33,12,36,..,78,15,115,61,55,59,103,54,100,91,77,16,65,20,113,105,85,53,..,22,24,67,57,63,73,42,111,6,4,80,35,7,86,64,119,120,3,41,..,19,44,46,..,34,51,29,116,1,90,27,74,8,..,76,32,..,..,21,13,18,81,..,..,60,68,66,56,37,88,104,45,121,11,39,62,101,43,..,75,30,..,102,89,70,26,..,82,31,47,98,95,..,10,28,50,48,5,40,..,108,23,2,93,72,..,49,52,..,110,25,..,14,17,117,..,109,58,..,87,84
2013,YR2013,Quality of railroad infrastructure [value: 1 = worst to 7 = best],QA.RAIL.TRANS.IN,1.18,2.33,1.67,1.7,2.6,4.14,5.22,3.93,..,2.44,4.96,1.37,2.81,3.04,2.86,1.76,3.05,1.82,2.04,2.45,4.95,2.67,4.7,1.45,1.74,2.14,3.1,..,4.59,4.47,2.61,3,2.73,2.53,3.56,1.49,5.87,6.29,2.39,3.95,5.72,2.12,2.73,1.17,1.1,6.45,3.56,..,4.76,3.53,3.45,..,4.05,3.19,4.24,1.29,6.72,2.04,4.41,2.53,5.68,..,2.5,4.18,..,..,4.67,5.03,4.78,2.39,..,..,2.83,2.61,2.62,3.02,3.91,2.09,1.75,3.5,1.09,5.48,3.66,2.81,1.81,3.55,..,2.51,4.24,..,1.79,2.06,2.56,4.44,..,2.33,4.19,3.36,1.89,1.98,..,5.64,4.35,3.24,3.36,5.88,3.6,..,1.66,4.57,6.65,2.01,2.55,..,3.35,3.12,..,1.53,4.47,..,5.01,4.89,1.23,..,1.58,2.97,..,2.11,2.27
2013,YR2013,Quality of roads [rank],QA.ROAD.TRANS.IN.RANK,76,99,139,103,82,40,6,74,24,118,26,121,92,104,59,120,112,131,80,116,19,27,54,130,125,101,21,25,81,22,62,50,122,58,64,69,9,2,140,60,11,70,63,90,114,5,73,36,84,78,66,..,29,39,55,86,12,46,117,67,15,45,133,110,123,134,34,16,23,89,91,52,51,148,141,95,53,142,138,30,126,10,37,79,127,83,3,72,48,132,98,87,105,4,38,145,136,17,97,119,56,7,85,32,41,13,49,..,71,20,8,109,42,75,77,44,..,106,144,1,28,18,88,..,128,102,137,94,100
2013,YR2013,Quality of roads [value: 1 = worst to 7 = best],QA.ROAD.TRANS.IN,3.85,3.29,2.35,3.07,3.68,4.94,6.22,3.99,5.43,2.8,5.39,2.76,3.4,3.05,4.26,2.77,2.95,2.57,3.73,2.83,5.6,5.36,4.5,2.59,2.73,3.23,5.51,5.4,3.72,5.45,4.22,4.64,2.74,4.28,4.2,4.07,6.1,6.4,2.33,4.24,6.01,4.06,4.21,3.45,2.92,6.24,4.01,5,3.65,3.74,4.12,..,5.29,4.96,4.37,3.62,5.98,4.82,2.81,4.1,5.82,4.83,2.53,3,2.74,2.5,5.02,5.79,5.44,3.49,3.43,4.55,4.56,1.74,2.27,3.34,4.52,2.26,2.38,5.28,2.71,6.05,5,3.74,2.66,3.65,6.39,4.04,4.75,2.54,3.3,3.56,3.05,6.35,5,2.08,2.45,5.77,3.31,2.8,4.32,6.22,3.62,5.08,4.92,5.95,4.71,..,4.04,5.52,6.21,3.01,4.88,3.88,3.8,4.86,..,3.04,2.14,6.65,5.31,5.68,3.49,..,2.65,3.08,2.45,3.37,3.28
2013,YR2013,"Railways, passengers carried (million passenger-km)",IS.RRS.PASG.KM,32,1040,..,8588,50,..,10749,591,..,7305,10848,..,..,47,..,..,1826,..,..,495,1412,840,795639,..,..,..,858,..,6924,6665,..,..,40837,..,237,..,4053,85634,125,625,79905,..,1413,..,..,..,5799,..,978508,20283,17172,100,1568,1927,38938,..,244591,504,18498,..,22626,..,76,89,..,..,391,373,3293,..,..,..,449,347,1399,..,4819,247,..,..,..,17018,..,..,..,2764,..,20619,..,..,76,..,12941,3311,..,3988,144612,297,..,777,..,..,..,760,..,23815,..,7,..,6056,17997,..,7504,..,1534,3775,1811,..,49203,..,65928,9518,..,3025,..,4558,..,..,..
2013,YR2013,Total world transport-related GHG emissions (million tonnes),EN.CO2.TRAN.ZS,2.5,37.4,8.5,47.4,1.3,90.9,22.8,7.3,3.3,8.2,24.3,3.6,7,2.8,2.3,208.1,7.3,..,3.5,3.1,173.7,24.5,753.7,26.1,4.8,2.6,5.7,1.8,15.9,11.2,5.7,18,45.2,2.8,2.2,4,11.9,121.1,0.6,2.5,152.4,7.2,16.3,6,3.3,6.5,9.9,0.8,222.3,135.2,124.7,35.4,10.4,13.3,100.7,1.8,213.5,7.1,13.7,5.7,90.9,12.9,3.9,2.8,5.1,21.8,4.3,6.5,56.7,..,0.5,1,150.6,1.5,1.9,0.5,15.1,2.1,3.9,1.9,2.2,31.9,13.7,1.7,24,13.9,12.3,38.4,3.7,4.6,19,25.6,43.2,15.6,11.7,14.8,237.9,124.5,2.3,5.6,..,7.5,6.5,5.4,55.3,82.2,7.7,8.3,..,19.7,17.1,5.5,62.4,3.2,6.1,55.9,8.5,..,31.3,31.5,114,1700.8,3.5,6.9,44.3,31.3,8.3,1,2.8
Time,Time Code,Series Name,Series Code,Albania [ALB],Algeria [DZA],Angola [AGO],Argentina [ARG],Armenia [ARM],Australia [AUS],Austria [AUT],Azerbaijan [AZE],Bahrain [BHR],Bangladesh [BGD],Belgium [BEL],Benin [BEN],Bolivia [BOL],Bosnia and Herzegovina [BIH],Botswana [BWA],Brazil [BRA],Bulgaria [BGR],Burkina Faso [BFA],Cambodia [KHM],Cameroon [CMR],Canada [CAN],Chile [CHL],China [CHN],Colombia [COL],Costa Rica [CRI],Cote d'Ivoire [CIV],Croatia [HRV],Cyprus [CYP],Czechia [CZE],Denmark [DNK],Dominican Republic [DOM],Ecuador [ECU],"Egypt, Arab Rep. [EGY]",El Salvador [SLV],Estonia [EST],Ethiopia [ETH],Finland [FIN],France [FRA],Gabon [GAB],Georgia [GEO],Germany [DEU],Ghana [GHA],Greece [GRC],Guatemala [GTM],Honduras [HND],"Hong Kong SAR, China [HKG]",Hungary [HUN],Iceland [ISL],India [IND],Indonesia [IDN],"Iran, Islamic Rep. [IRN]",Iraq [IRQ],Ireland [IRL],Israel [ISR],Italy [ITA],Jamaica [JAM],Japan [JPN],Jordan [JOR],Kazakhstan [KAZ],Kenya [KEN],"Korea, Rep. [KOR]",Kuwait [KWT],Kyrgyz Republic [KGZ],Latvia [LVA],Lebanon [LBN],Libya [LBY],Lithuania [LTU],Luxembourg [LUX],Malaysia [MYS],Mali [MLI],Malta [MLT],Mauritius [MUS],Mexico [MEX],Moldova [MDA],Mongolia [MNG],Montenegro [MNE],Morocco [MAR],Mozambique [MOZ],Myanmar [MMR],Namibia [NAM],Nepal [NPL],Netherlands [NLD],New Zealand [NZL],Nicaragua [NIC],Nigeria [NGA],Norway [NOR],Oman [OMN],Pakistan [PAK],Panama [PAN],Paraguay [PRY],Peru [PER],Philippines [PHL],Poland [POL],Portugal [PRT],Qatar [QAT],Romania [ROU],Russian Federation [RUS],Saudi Arabia [SAU],Senegal [SEN],Serbia [SRB],Seychelles [SYC],,Slovak Republic [SVK],Slovenia [SVN],South Africa [ZAF],Spain [ESP],Sri Lanka [LKA],Sudan [SDN],Suriname [SUR],Sweden [SWE],Switzerland [CHE],Tanzania [TZA],Thailand [THA],Trinidad and Tobago [TTO],Tunisia [TUN],Turkiye [TUR],Turkmenistan [TKM],Uganda [UGA],Ukraine [UKR],United Arab Emirates [ARE],United Kingdom [GBR],United States [USA],Uruguay [URY],Uzbekistan [UZB],"Venezuela, RB [VEN]",Viet Nam [VNM],"Yemen, Rep. [YEM]",Zambia [ZMB],Zimbabwe [ZWE]
2013,YR2013,GDP per capita (current US$),NY.GDP.PCAP.CD,4413.063383,5979.60139,5057.747878,12963.67577,3680.166922,68190.701,50305.35458,7875.345367,26989.76011,958.2629898,46964.59468,1168.926993,2870.02377,5034.56616,6666.912196,12458.89121,7687.713682,759.7620652,1305.660097,1575.928821,52638.11872,15683.54864,7020.386074,8279.102556,10803.2402,1786.15862,14136.39677,27797.45703,20260.4955,61377.59406,6149.027489,6109.290315,3025.525636,3582.26694,19310.38749,484.0398331,49691.01452,42669.17951,9197.701063,4712.002294,47220.01021,2294.025645,21573.34498,3444.159718,2081.128435,38403.77771,13715.07036,49804.983,1432.843975,3566.602845,6222.741948,6650.352822,52619.21237,36929.60422,35747.70795,5124.213014,40898.6479,4311.219167,13478.45963,1370.878852,27179.51701,49651.04397,1269.663035,14484.47153,8162.379294,11951.71341,15655.35133,120000.1407,10713.64076,758.4755326,25346.52365,9764.644131,11216.80085,3321.043978,4340.143105,7188.863616,3379.743164,686.5056725,1199.095616,5346.621311,803.2695954,52602.28605,42977.38804,1835.434364,2872.790834,103553.8401,23458.02338,1225.434012,12273.3225,6435.683427,6746.800257,2781.279577,13621.90238,21676.48596,103697.0084,9497.674116,15941.44824,27290.19781,1379.831966,7040.418121,14821.29215,Singapore [SGP],18312.78051,23236.96553,7331.654674,29218.91052,3740.615893,1138.627808,9043.192815,60844.27671,87304.33058,963.0571289,6018.082447,21416.36608,4369.793458,12578.18786,6599.645291,818.2854274,4129.896973,52023.5171,43426.29814,53409.75078,18335.25948,2461.979474,12403.1467,2359.517365,1378.75003,1820.718548,1362.300668
2013,YR2013,Population in the largest city (% of urban population),EN.URB.LCTY.UR.ZS,26.97777681,9.454756762,39.44584203,37.40469184,55.80763154,22.18129515,36.86792098,42.26341202,33.5953837,31.95797794,18.06752571,14.20695313,23.51672472,20.37446383,..,12.05439532,23.36980786,42.98782162,51.45054945,24.27115605,20.11480211,41.6067313,3.068914517,25.13041308,35.58420622,36.89254456,29.14346914,..,16.28594157,25.27042351,35.81313873,26.41750808,44.08442054,26.19311161,44.87629282,19.43596603,25.61343866,20.34045,42.35047795,51.1850372,5.604192379,16.29639998,37.31208602,35.12929563,24.08664323,99.5775258,25.09757954,..,5.844820984,7.485712451,14.33718712,24.68657476,39.59974747,47.32846647,9.747745872,38.73982606,31.92375619,22.7038623,15.61976987,32.51946271,23.89108561,66.16092392,43.77319226,47.67074589,42.24535031,22.52073552,26.6543444,..,29.14707114,31.01171917,..,..,22.38696646,44.19086182,64.30850902,..,17.51997652,13.50950921,31.45685924,34.25444287,22.13849484,7.268053519,36.73719453,29.42606967,13.75574693,23.06203727,31.61873604,18.08311761,63.45645279,77.99795738,41.14426674,26.59569135,7.478678934,43.77727334,29.70909193,17.32612127,11.12272609,25.36747191,42.45368196,34.11792821,..,56967.42579,14.21770288,..,13.40659296,16.38355799,15.18815245,38.50022874,..,17.44664542,21.79078132,31.03622386,27.68365506,76.01518952,28.10914615,24.72969122,24.3986475,31.53879111,8.984837273,33.2326073,15.98107676,7.213039526,53.20437542,15.3476157,11.03976149,23.35810368,23.60176246,31.59285215,32.55226265
2013,YR2013,"Educational attainment, at least Bachelor's or equivalent, population 25+, total (%) (cumulative)",SE.TER.CUAT.BA.ZS,12.91132164,..,..,..,24.18950844,26.73999977,..,15.65999985,..,5.5,30.25,..,14.82525253,..,..,..,22.92000008,..,..,..,25.38391495,11.72000027,..,10.07999992,..,2.598746061,0.312971711,24.88999939,4.42498064,0.678235471,..,11.52000046,..,6.059999943,..,1.255122304,21.88999939,..,..,33.11685944,1.236335993,5.407980919,..,2.369999886,4.924027443,..,19.43000031,1.126140714,..,6.187103748,16.31999969,..,0.755869567,31.38999939,0.321288794,..,..,..,..,..,28.78431129,8.710000038,..,27.69000053,..,..,26.38999939,1.591694713,..,..,13.09000015,7.039045811,14.31999969,19.04000092,26.51893044,..,..,..,..,6.063359737,..,27.21999931,..,..,..,0.651003361,..,7.989999771,..,12.18000031,..,17,22.62999916,15.86999989,20.51000023,0.070968144,..,19.94000053,3.119999886,11.46000004,..,99.29016762,14.75763607,..,5.954150677,0.568471611,0.791153967,..,..,22.04000092,..,..,13.13000011,..,..,1.254716873,..,..,..,..,28.38999939,31.65999985,7.199999809,15.42000008,..,..,..,..,..
2013,YR2013,"Educational attainment, at least completed lower secondary, population 25+, total (%) (cumulative)",SE.SEC.CUAT.LO.ZS,86.90200806,..,..,..,99.05244446,91.08000183,99.28565216,95.59999847,..,33.70999908,81.58999634,..,58.65000153,71.28057098,..,55.75999832,94.33000183,..,34.0069809,..,93.70359039,77.94999695,..,47.52999878,44.97000122,18.27020836,91.46550751,79.69999695,99.80000305,99.58000183,57.47000122,47.97000122,42.08198929,41.04000092,98.96828461,17.65863991,84.68443298,81.5,..,96.64520264,96.66999817,50.91459656,70.03252411,25.45999908,25.65999985,..,98.38999939,83.95465088,..,46.69809723,67.73000336,44.13000107,83.62738037,88.43000031,77.14646149,89.85886383,..,..,..,..,85.26774597,50.83000183,..,98.98000336,..,..,92.29000092,90.79162598,..,5.824657917,75.63999939,54.81432343,56.56000137,95.48999786,88.853302,94.18997192,..,..,..,42.4046669,..,89.41000366,..,..,..,99.73873901,..,35.43000031,60.09000015,46.63000107,57.31999969,70.05999756,83.13999939,49.29000092,69.48999786,89.44000244,99.10036469,66.51000214,13.89000034,85.79000092,..,27.34000015,99.27999878,97.15000153,68.61008453,71.98552704,61.42818832,..,..,88.93000031,96.36621094,..,41.41999817,..,..,52.68000031,..,..,..,..,99.83000183,95.19999695,52.86999893,99.88999939,58.77999878,55.00122833,..,..,..
2013,YR2013,Fossil fuel energy consumption (% of total),EG.USE.COMM.FO.ZS,56.53,99.91,51.27,89.08,75.51,93.93,66.1,98.24,99.99,74.91,70.58,38.02,84.21,92.5,64.9,57.92,70.14,18.57,33.66,25.31,73.62,68.5,91.1,74.64,47.82,33.76,71.24,92.85,74.9,72.31,87.12,89.64,94.33,48.7,88.93,7.24,46.96,49.18,22.76,70.89,80.23,52.41,87.79,32.99,53.62,93.78,65.44,10.38,75.14,80.91,98.96,96.37,91.34,99.94,79.97,89.26,94.29,97.64,99.19,17.82,83.78,99.99,71.84,58.96,95.44,96.74,70.61,84.59,98,..,98.36,83.64,90.56,78.25,96.22,63.96,88.23,18.3,30.48,63,15.1,91.33,61.67,39.42,53.9,59.38,100,59.17,79.36,34.24,73.04,58.52,91.14,73.44,99.99,73.42,90.48,100,52.22,88.53,..,78.12999725,63.81,63.67,93.03,72.37,48.79,33.48,89.34,30.28,52.66,17.57,80.68,99.93,88.19,88.06,100,7.79,78.33,99.91,84.28,83.08,53,98.96,89.42,68.17,98.64,12.15,50.73
2013,YR2013,Population density (people per sq. km of land area),EN.POP.DNST,105.660292,16.12861647,20.98790407,15.55983871,106.1468212,3.010573526,102.7608216,113.9234808,1627.520779,1202.520865,367.8965813,94.97014899,9.861172344,70.52458984,3.777251954,23.74670668,66.92257738,64.67620249,85.94044867,45.27591124,3.912848123,23.78782083,145.2076439,41.59674087,92.36480611,75.28231132,75.65438496,128.1271645,136.1599586,140.3733,211.008756,63.64602996,95.76930333,296.2760135,30.31969174,87.22415785,17.89783145,120.5316195,7.424453759,65.04195388,231.1557126,120.3577085,85.06757952,143.5921706,79.44658146,6837.047619,109.2795979,3.229566085,435.8381102,136.2715728,49.37172205,81.27093622,67.11882712,372.435305,203.6871208,257.0348107,349.6433471,90.01812345,6.503130718,79.04345328,517.6122698,196.8487093,30.12069864,32.34362897,561.430694,3.583111495,47.19088951,211.0578529,91.84070918,14.3089314,1331.146875,630.4091137,60.87788935,99.57718425,1.861618441,46.18639405,75.70596236,31.85687708,76.96248239,2.735983675,192.4659644,498.7958445,16.87022901,49.72448895,198.7872273,13.91208868,12.38744103,273.8091246,51.45721012,15.05775233,23.29524922,342.3427441,124.2291107,114.1561287,165.0668389,86.87429031,8.781020915,12.85022678,71.21409131,81.94092156,195.5413043,97.6,112.5726377,102.2816783,45.0739772,93.2009456,328.2570563,20.22797056,3.54512786,23.5684835,204.7343366,55.11868142,136.712627,261.317154,71.71318872,98.94056105,12.63877812,176.2270197,79.62226403,108.322036,265.0695366,34.55181319,19.11402697,68.20746967,33.91213423,289.3641628,55.5201091,20.71456032,36.22543105
2013,YR2013,Individuals using the Internet (% of population),IT.NET.USER.ZS,51.8,22.5,13,59.9,41.9,83.5,80.6,73,90,6.63,82.2,4.9,37,48.5,30,51,53.1,5,6,10,85.8,58,45.8,51.7,46,6.6,66.7,65.5,74.1,94.6,45.9,40.3,29.4,23.1,80,4.6,91.5,81.9,30.5,43.3,84.2,15,59.9,19.7,17.8,74.2,72.6,96.5,12.3,14.9,30,9.2,78.2,70.3,58.5,37.1,88.2,41.4,63.3,13,84.8,75.5,23,75.2,70.5,16.5,68.5,93.8,57.1,3.5,68.9,40.1,43.5,37.4,17.7,60.3,56,5.5,1.8,13.9,13.3,94,82.8,15.5,19.1,95.1,66.5,9,44,36.9,39.2,32.7,62.8,62.1,85.3,49.8,68,60.5,13.1,53.5,50.4,7636.721358,77.9,72.7,46.5,71.6,..,..,37.4,94.8,86.3,4.4,28.9,59.9,43.8,46.3,9.6,5.1,41,88,89.8,71.4,57.7,26.8,54.9,38.5,20,4.8,15.5
2013,YR2013,Gini index,SI.POV.GINI,..,..,..,41.1,30.6,..,30.8,..,..,..,27.7,..,47.6,..,..,52.7,36.6,..,..,..,33.8,46.8,39.7,52.6,49.2,..,32,37,26.5,28.5,47.7,46.9,..,43.4,35.1,..,27.2,32.5,..,38.6,31.5,..,36.1,..,50,..,31.5,25.4,..,38.9,34,..,33.5,39.9,34.9,..,32.9,..,27.1,..,..,..,28.8,35.5,..,..,35.3,32,41.3,..,28.8,..,..,28.5,..,39,39.5,..,..,..,..,28.1,..,..,..,26.4,..,29.5,51.5,47.9,43.9,..,33.1,36.2,..,36.9,..,..,..,39.4,46.8,80.9,28.1,26.2,..,36.2,..,..,..,28.8,32.5,..,37.8,..,..,..,..,..,24.6,32.5,32.7,40.6,40.5,..,..,..,..,..,..
,,,,,,,,,,,,,,,,,,,,,,,,,,,,,,,,,,,,,,,,,,,,,,,,,,,,,,,,,,,,,,,,,,,,,,,,,,,,,,,,,,,,,,,,,,,,,,,,,,,,,,,,,..,,,,,,,,,,,,,,,,,,,,,,,,,,,